variant,page_size,run,latency_ms,query_count,advisory_count
naive,10,1,2.2628,11,10
naive,10,2,2.1878,11,10
naive,10,3,2.0638,11,10
naive,10,4,1.9999,11,10
naive,10,5,1.9153,11,10
naive,10,6,1.927,11,10
naive,10,7,1.8523,11,10
naive,10,8,1.8078,11,10
naive,10,9,1.7486,11,10
naive,10,10,1.7295,11,10
naive,10,11,1.6666,11,10
naive,10,12,1.666,11,10
naive,10,13,1.8662,11,10
naive,10,14,1.7879,11,10
naive,10,15,1.9276,11,10
naive,10,16,2.3425,11,10
naive,10,17,1.7757,11,10
naive,10,18,1.5583,11,10
naive,10,19,1.5047,11,10
naive,10,20,1.4592,11,10
naive,10,21,1.5851,11,10
naive,10,22,1.4885,11,10
naive,10,23,1.5118,11,10
naive,10,24,1.4874,11,10
naive,10,25,1.5254,11,10
naive,10,26,1.458,11,10
naive,10,27,1.4266,11,10
naive,10,28,1.4692,11,10
naive,10,29,1.4786,11,10
naive,10,30,1.4536,11,10
fixed,10,1,0.5466,2,10
fixed,10,2,0.5098,2,10
fixed,10,3,0.5055,2,10
fixed,10,4,0.5346,2,10
fixed,10,5,0.5426,2,10
fixed,10,6,0.5773,2,10
fixed,10,7,0.5101,2,10
fixed,10,8,0.4938,2,10
fixed,10,9,0.528,2,10
fixed,10,10,0.5494,2,10
fixed,10,11,0.5428,2,10
fixed,10,12,0.4995,2,10
fixed,10,13,0.514,2,10
fixed,10,14,0.4802,2,10
fixed,10,15,0.5002,2,10
fixed,10,16,0.5366,2,10
fixed,10,17,0.5289,2,10
fixed,10,18,0.5157,2,10
fixed,10,19,0.5025,2,10
fixed,10,20,0.5126,2,10
fixed,10,21,0.5261,2,10
fixed,10,22,0.5033,2,10
fixed,10,23,0.4821,2,10
fixed,10,24,0.4855,2,10
fixed,10,25,0.4716,2,10
fixed,10,26,0.4951,2,10
fixed,10,27,0.4832,2,10
fixed,10,28,0.4678,2,10
fixed,10,29,0.4871,2,10
fixed,10,30,0.4842,2,10
naive,50,1,6.3079,51,50
naive,50,2,6.5536,51,50
naive,50,3,6.2094,51,50
naive,50,4,6.3105,51,50
naive,50,5,5.9845,51,50
naive,50,6,11.0407,51,50
naive,50,7,6.707,51,50
naive,50,8,6.8781,51,50
naive,50,9,6.4609,51,50
naive,50,10,6.3728,51,50
naive,50,11,6.4598,51,50
naive,50,12,6.4875,51,50
naive,50,13,6.4433,51,50
naive,50,14,6.4202,51,50
naive,50,15,6.1809,51,50
naive,50,16,6.2044,51,50
naive,50,17,6.3001,51,50
naive,50,18,6.6506,51,50
naive,50,19,6.6627,51,50
naive,50,20,6.4596,51,50
naive,50,21,6.5922,51,50
naive,50,22,6.4135,51,50
naive,50,23,7.069,51,50
naive,50,24,7.3788,51,50
naive,50,25,7.3629,51,50
naive,50,26,7.4465,51,50
naive,50,27,6.9956,51,50
naive,50,28,6.5625,51,50
naive,50,29,6.929,51,50
naive,50,30,6.6765,51,50
fixed,50,1,0.9387,2,50
fixed,50,2,1.0097,2,50
fixed,50,3,1.1051,2,50
fixed,50,4,1.0814,2,50
fixed,50,5,1.0866,2,50
fixed,50,6,1.4295,2,50
fixed,50,7,0.9782,2,50
fixed,50,8,1.0918,2,50
fixed,50,9,1.011,2,50
fixed,50,10,0.9829,2,50
fixed,50,11,0.9865,2,50
fixed,50,12,0.9943,2,50
fixed,50,13,0.9714,2,50
fixed,50,14,0.9414,2,50
fixed,50,15,0.9266,2,50
fixed,50,16,0.9624,2,50
fixed,50,17,0.9618,2,50
fixed,50,18,0.9565,2,50
fixed,50,19,0.9673,2,50
fixed,50,20,0.9814,2,50
fixed,50,21,0.9643,2,50
fixed,50,22,0.9319,2,50
fixed,50,23,0.9619,2,50
fixed,50,24,0.9494,2,50
fixed,50,25,0.9457,2,50
fixed,50,26,0.9187,2,50
fixed,50,27,0.9036,2,50
fixed,50,28,0.9167,2,50
fixed,50,29,0.9426,2,50
fixed,50,30,0.9175,2,50
naive,200,1,24.978,201,200
naive,200,2,24.7657,201,200
naive,200,3,24.1729,201,200
naive,200,4,24.2718,201,200
naive,200,5,24.6417,201,200
naive,200,6,24.4214,201,200
naive,200,7,24.5108,201,200
naive,200,8,24.3463,201,200
naive,200,9,28.9092,201,200
naive,200,10,24.5018,201,200
naive,200,11,24.3457,201,200
naive,200,12,24.4767,201,200
naive,200,13,24.24,201,200
naive,200,14,27.073,201,200
naive,200,15,25.4148,201,200
naive,200,16,27.6911,201,200
naive,200,17,28.3522,201,200
naive,200,18,26.1301,201,200
naive,200,19,27.5278,201,200
naive,200,20,26.2286,201,200
naive,200,21,25.8547,201,200
naive,200,22,26.6281,201,200
naive,200,23,28.3768,201,200
naive,200,24,26.3819,201,200
naive,200,25,25.5755,201,200
naive,200,26,25.3565,201,200
naive,200,27,26.4721,201,200
naive,200,28,31.1851,201,200
naive,200,29,25.7373,201,200
naive,200,30,26.4085,201,200
fixed,200,1,2.539,2,200
fixed,200,2,2.3766,2,200
fixed,200,3,2.4388,2,200
fixed,200,4,2.4337,2,200
fixed,200,5,2.5567,2,200
fixed,200,6,2.3163,2,200
fixed,200,7,2.4343,2,200
fixed,200,8,2.3625,2,200
fixed,200,9,2.4934,2,200
fixed,200,10,2.3438,2,200
fixed,200,11,2.4798,2,200
fixed,200,12,2.378,2,200
fixed,200,13,2.5477,2,200
fixed,200,14,2.5665,2,200
fixed,200,15,2.6442,2,200
fixed,200,16,2.5322,2,200
fixed,200,17,7.139,2,200
fixed,200,18,2.4965,2,200
fixed,200,19,2.51,2,200
fixed,200,20,2.382,2,200
fixed,200,21,2.4861,2,200
fixed,200,22,2.3436,2,200
fixed,200,23,2.3971,2,200
fixed,200,24,2.404,2,200
fixed,200,25,2.4413,2,200
fixed,200,26,2.2961,2,200
fixed,200,27,2.5392,2,200
fixed,200,28,2.3371,2,200
fixed,200,29,2.4718,2,200
fixed,200,30,2.2776,2,200
