question_id,question,question_type,strategy,k,retrieved_chunks,retrieved_documents,retrieval_hit,expected_refusal,actual_refusal,answer_correct,faithfulness,format_compliance,answer_overlap,context_chars,latency_ms,answer
q1,"Which package is affected by the stored cross-site scripting vulnerability, and what version fixes it?",answerable,no_context,1,"[{""source"": ""doc_01"", ""chunk_id"": ""doc_01_chunk_2"", ""score"": 0.532}]","[""doc_01""]",1,0,0,0,0,1,0.1,0,1845.6753,Package: exact package name
q1,"Which package is affected by the stored cross-site scripting vulnerability, and what version fixes it?",answerable,basic_context,1,"[{""source"": ""doc_01"", ""chunk_id"": ""doc_01_chunk_2"", ""score"": 0.532}]","[""doc_01""]",1,0,0,1,1,1,0.3,1033,305.8642,Package: phpmyfaq/phpmyfaq. Fixed version: 3.2.6. [sources: doc_01]
q1,"Which package is affected by the stored cross-site scripting vulnerability, and what version fixes it?",answerable,engineered_context,1,"[{""source"": ""doc_01"", ""chunk_id"": ""doc_01_chunk_2"", ""score"": 0.532}]","[""doc_01""]",1,0,0,1,1,1,0.3,1070,296.6717,Package: phpmyfaq/phpmyfaq. Fixed version: 3.2.6. [sources: doc_01]
q1,"Which package is affected by the stored cross-site scripting vulnerability, and what version fixes it?",answerable,no_context,2,"[{""source"": ""doc_01"", ""chunk_id"": ""doc_01_chunk_2"", ""score"": 0.532}, {""source"": ""doc_01"", ""chunk_id"": ""doc_01_chunk_1"", ""score"": 0.4741}]","[""doc_01"", ""doc_01""]",1,0,0,0,0,1,0.1,0,79.0608,Package: exact package name
q1,"Which package is affected by the stored cross-site scripting vulnerability, and what version fixes it?",answerable,basic_context,2,"[{""source"": ""doc_01"", ""chunk_id"": ""doc_01_chunk_2"", ""score"": 0.532}, {""source"": ""doc_01"", ""chunk_id"": ""doc_01_chunk_1"", ""score"": 0.4741}]","[""doc_01"", ""doc_01""]",1,0,0,1,1,1,0.3,2257,475.063,Package: phpmyfaq/phpmyfaq. Fixed version: 3.2.6. [sources: doc_01]
q1,"Which package is affected by the stored cross-site scripting vulnerability, and what version fixes it?",answerable,engineered_context,2,"[{""source"": ""doc_01"", ""chunk_id"": ""doc_01_chunk_2"", ""score"": 0.532}, {""source"": ""doc_01"", ""chunk_id"": ""doc_01_chunk_1"", ""score"": 0.4741}]","[""doc_01"", ""doc_01""]",1,0,0,1,1,1,0.3,2331,450.7115,Package: phpmyfaq/phpmyfaq. Fixed version: 3.2.6. [sources: doc_01]
q1,"Which package is affected by the stored cross-site scripting vulnerability, and what version fixes it?",answerable,no_context,3,"[{""source"": ""doc_01"", ""chunk_id"": ""doc_01_chunk_2"", ""score"": 0.532}, {""source"": ""doc_01"", ""chunk_id"": ""doc_01_chunk_1"", ""score"": 0.4741}, {""source"": ""doc_01"", ""chunk_id"": ""doc_01_chunk_0"", ""score"": 0.4457}]","[""doc_01"", ""doc_01"", ""doc_01""]",1,0,0,0,0,1,0.1,0,76.9943,Package: exact package name
q1,"Which package is affected by the stored cross-site scripting vulnerability, and what version fixes it?",answerable,basic_context,3,"[{""source"": ""doc_01"", ""chunk_id"": ""doc_01_chunk_2"", ""score"": 0.532}, {""source"": ""doc_01"", ""chunk_id"": ""doc_01_chunk_1"", ""score"": 0.4741}, {""source"": ""doc_01"", ""chunk_id"": ""doc_01_chunk_0"", ""score"": 0.4457}]","[""doc_01"", ""doc_01"", ""doc_01""]",1,0,0,1,1,1,0.3,3659,448.8044,Package: phpmyfaq/phpmyfaq. Fixed version: 3.2.6. [sources: doc_01]
q1,"Which package is affected by the stored cross-site scripting vulnerability, and what version fixes it?",answerable,engineered_context,3,"[{""source"": ""doc_01"", ""chunk_id"": ""doc_01_chunk_2"", ""score"": 0.532}, {""source"": ""doc_01"", ""chunk_id"": ""doc_01_chunk_1"", ""score"": 0.4741}, {""source"": ""doc_01"", ""chunk_id"": ""doc_01_chunk_0"", ""score"": 0.4457}]","[""doc_01"", ""doc_01"", ""doc_01""]",1,0,0,1,1,1,0.3,3770,448.0909,Package: phpmyfaq/phpmyfaq. Fixed version: 3.2.6. [sources: doc_01]
q1,"Which package is affected by the stored cross-site scripting vulnerability, and what version fixes it?",answerable,no_context,5,"[{""source"": ""doc_01"", ""chunk_id"": ""doc_01_chunk_2"", ""score"": 0.532}, {""source"": ""doc_01"", ""chunk_id"": ""doc_01_chunk_1"", ""score"": 0.4741}, {""source"": ""doc_01"", ""chunk_id"": ""doc_01_chunk_0"", ""score"": 0.4457}, {""source"": ""doc_05"", ""chunk_id"": ""doc_05_chunk_1"", ""score"": 0.4229}, {""source"": ""doc_05"", ""chunk_id"": ""doc_05_chunk_2"", ""score"": 0.4211}]","[""doc_01"", ""doc_01"", ""doc_01"", ""doc_05"", ""doc_05""]",1,0,0,0,0,1,0.1,0,77.1547,Package: exact package name
q1,"Which package is affected by the stored cross-site scripting vulnerability, and what version fixes it?",answerable,basic_context,5,"[{""source"": ""doc_01"", ""chunk_id"": ""doc_01_chunk_2"", ""score"": 0.532}, {""source"": ""doc_01"", ""chunk_id"": ""doc_01_chunk_1"", ""score"": 0.4741}, {""source"": ""doc_01"", ""chunk_id"": ""doc_01_chunk_0"", ""score"": 0.4457}, {""source"": ""doc_05"", ""chunk_id"": ""doc_05_chunk_1"", ""score"": 0.4229}, {""source"": ""doc_05"", ""chunk_id"": ""doc_05_chunk_2"", ""score"": 0.4211}]","[""doc_01"", ""doc_01"", ""doc_01"", ""doc_05"", ""doc_05""]",1,0,0,1,1,1,0.3,6276,449.2452,"Package: phpmyfaq/phpmyfaq. Fixed version: 3.2.6. [sources: doc_01, doc_05]"
q1,"Which package is affected by the stored cross-site scripting vulnerability, and what version fixes it?",answerable,engineered_context,5,"[{""source"": ""doc_01"", ""chunk_id"": ""doc_01_chunk_2"", ""score"": 0.532}, {""source"": ""doc_01"", ""chunk_id"": ""doc_01_chunk_1"", ""score"": 0.4741}, {""source"": ""doc_01"", ""chunk_id"": ""doc_01_chunk_0"", ""score"": 0.4457}, {""source"": ""doc_05"", ""chunk_id"": ""doc_05_chunk_1"", ""score"": 0.4229}, {""source"": ""doc_05"", ""chunk_id"": ""doc_05_chunk_2"", ""score"": 0.4211}]","[""doc_01"", ""doc_01"", ""doc_01"", ""doc_05"", ""doc_05""]",1,0,0,1,1,1,0.3,6461,489.2547,"Package: phpmyfaq/phpmyfaq. Fixed version: 3.2.6. [sources: doc_01, doc_05]"
q2,"What type of vulnerability affects phpMyFAQ, and what can an attacker execute?",answerable,no_context,1,"[{""source"": ""doc_01"", ""chunk_id"": ""doc_01_chunk_1"", ""score"": 0.6731}]","[""doc_01""]",1,0,0,0,0,1,0.0,0,95.0797,Vulnerability: exact vulnerability type
q2,"What type of vulnerability affects phpMyFAQ, and what can an attacker execute?",answerable,basic_context,1,"[{""source"": ""doc_01"", ""chunk_id"": ""doc_01_chunk_1"", ""score"": 0.6731}]","[""doc_01""]",1,0,0,1,1,1,0.7273,1222,219.2659,Vulnerability: phpMyFAQ stored Cross-site Scripting at user email. Attacker action: This vulnerability enables an attacker to execute arbitrary client-side JavaScript within the context of another user's phpMyFAQ session. [sources: doc_01]
q2,"What type of vulnerability affects phpMyFAQ, and what can an attacker execute?",answerable,engineered_context,1,"[{""source"": ""doc_01"", ""chunk_id"": ""doc_01_chunk_1"", ""score"": 0.6731}]","[""doc_01""]",1,0,0,1,1,1,0.7273,1259,235.6797,Vulnerability: phpMyFAQ stored Cross-site Scripting at user email. Attacker action: This vulnerability enables an attacker to execute arbitrary client-side JavaScript within the context of another user's phpMyFAQ session. [sources: doc_01]
q2,"What type of vulnerability affects phpMyFAQ, and what can an attacker execute?",answerable,no_context,2,"[{""source"": ""doc_01"", ""chunk_id"": ""doc_01_chunk_1"", ""score"": 0.6731}, {""source"": ""doc_01"", ""chunk_id"": ""doc_01_chunk_2"", ""score"": 0.6187}]","[""doc_01"", ""doc_01""]",1,0,0,0,0,1,0.0,0,94.4611,Vulnerability: exact vulnerability type
q2,"What type of vulnerability affects phpMyFAQ, and what can an attacker execute?",answerable,basic_context,2,"[{""source"": ""doc_01"", ""chunk_id"": ""doc_01_chunk_1"", ""score"": 0.6731}, {""source"": ""doc_01"", ""chunk_id"": ""doc_01_chunk_2"", ""score"": 0.6187}]","[""doc_01"", ""doc_01""]",1,0,0,1,1,1,0.7273,2257,491.9502,Vulnerability: phpMyFAQ stored Cross-site Scripting at user email. Attacker action: This vulnerability enables an attacker to execute arbitrary client-side JavaScript within the context of another user's phpMyFAQ session. [sources: doc_01]
q2,"What type of vulnerability affects phpMyFAQ, and what can an attacker execute?",answerable,engineered_context,2,"[{""source"": ""doc_01"", ""chunk_id"": ""doc_01_chunk_1"", ""score"": 0.6731}, {""source"": ""doc_01"", ""chunk_id"": ""doc_01_chunk_2"", ""score"": 0.6187}]","[""doc_01"", ""doc_01""]",1,0,0,1,1,1,0.7273,2331,453.9898,Vulnerability: phpMyFAQ stored Cross-site Scripting at user email. Attacker action: This vulnerability enables an attacker to execute arbitrary client-side JavaScript within the context of another user's phpMyFAQ session. [sources: doc_01]
q2,"What type of vulnerability affects phpMyFAQ, and what can an attacker execute?",answerable,no_context,3,"[{""source"": ""doc_01"", ""chunk_id"": ""doc_01_chunk_1"", ""score"": 0.6731}, {""source"": ""doc_01"", ""chunk_id"": ""doc_01_chunk_2"", ""score"": 0.6187}, {""source"": ""doc_01"", ""chunk_id"": ""doc_01_chunk_0"", ""score"": 0.5685}]","[""doc_01"", ""doc_01"", ""doc_01""]",1,0,0,0,0,1,0.0,0,97.2885,Vulnerability: exact vulnerability type
q2,"What type of vulnerability affects phpMyFAQ, and what can an attacker execute?",answerable,basic_context,3,"[{""source"": ""doc_01"", ""chunk_id"": ""doc_01_chunk_1"", ""score"": 0.6731}, {""source"": ""doc_01"", ""chunk_id"": ""doc_01_chunk_2"", ""score"": 0.6187}, {""source"": ""doc_01"", ""chunk_id"": ""doc_01_chunk_0"", ""score"": 0.5685}]","[""doc_01"", ""doc_01"", ""doc_01""]",1,0,0,1,1,1,0.7273,3659,482.634,Vulnerability: phpMyFAQ stored Cross-site Scripting at user email. Attacker action: This vulnerability enables an attacker to execute arbitrary client-side JavaScript within the context of another user's phpMyFAQ session. [sources: doc_01]
q2,"What type of vulnerability affects phpMyFAQ, and what can an attacker execute?",answerable,engineered_context,3,"[{""source"": ""doc_01"", ""chunk_id"": ""doc_01_chunk_1"", ""score"": 0.6731}, {""source"": ""doc_01"", ""chunk_id"": ""doc_01_chunk_2"", ""score"": 0.6187}, {""source"": ""doc_01"", ""chunk_id"": ""doc_01_chunk_0"", ""score"": 0.5685}]","[""doc_01"", ""doc_01"", ""doc_01""]",1,0,0,1,1,1,0.7273,3770,449.6597,Vulnerability: phpMyFAQ stored Cross-site Scripting at user email. Attacker action: This vulnerability enables an attacker to execute arbitrary client-side JavaScript within the context of another user's phpMyFAQ session. [sources: doc_01]
q2,"What type of vulnerability affects phpMyFAQ, and what can an attacker execute?",answerable,no_context,5,"[{""source"": ""doc_01"", ""chunk_id"": ""doc_01_chunk_1"", ""score"": 0.6731}, {""source"": ""doc_01"", ""chunk_id"": ""doc_01_chunk_2"", ""score"": 0.6187}, {""source"": ""doc_01"", ""chunk_id"": ""doc_01_chunk_0"", ""score"": 0.5685}, {""source"": ""doc_05"", ""chunk_id"": ""doc_05_chunk_1"", ""score"": 0.3956}, {""source"": ""doc_05"", ""chunk_id"": ""doc_05_chunk_0"", ""score"": 0.3096}]","[""doc_01"", ""doc_01"", ""doc_01"", ""doc_05"", ""doc_05""]",1,0,0,0,0,1,0.0,0,93.8843,Vulnerability: exact vulnerability type
q2,"What type of vulnerability affects phpMyFAQ, and what can an attacker execute?",answerable,basic_context,5,"[{""source"": ""doc_01"", ""chunk_id"": ""doc_01_chunk_1"", ""score"": 0.6731}, {""source"": ""doc_01"", ""chunk_id"": ""doc_01_chunk_2"", ""score"": 0.6187}, {""source"": ""doc_01"", ""chunk_id"": ""doc_01_chunk_0"", ""score"": 0.5685}, {""source"": ""doc_05"", ""chunk_id"": ""doc_05_chunk_1"", ""score"": 0.3956}, {""source"": ""doc_05"", ""chunk_id"": ""doc_05_chunk_0"", ""score"": 0.3096}]","[""doc_01"", ""doc_01"", ""doc_01"", ""doc_05"", ""doc_05""]",1,0,0,1,1,1,0.7273,6463,482.2985,"Vulnerability: phpMyFAQ stored Cross-site Scripting at user email. Attacker action: This vulnerability enables an attacker to execute arbitrary client-side JavaScript within the context of another user's phpMyFAQ session. [sources: doc_01, doc_05]"
q2,"What type of vulnerability affects phpMyFAQ, and what can an attacker execute?",answerable,engineered_context,5,"[{""source"": ""doc_01"", ""chunk_id"": ""doc_01_chunk_1"", ""score"": 0.6731}, {""source"": ""doc_01"", ""chunk_id"": ""doc_01_chunk_2"", ""score"": 0.6187}, {""source"": ""doc_01"", ""chunk_id"": ""doc_01_chunk_0"", ""score"": 0.5685}, {""source"": ""doc_05"", ""chunk_id"": ""doc_05_chunk_1"", ""score"": 0.3956}, {""source"": ""doc_05"", ""chunk_id"": ""doc_05_chunk_0"", ""score"": 0.3096}]","[""doc_01"", ""doc_01"", ""doc_01"", ""doc_05"", ""doc_05""]",1,0,0,1,1,1,0.7273,6648,451.3844,"Vulnerability: phpMyFAQ stored Cross-site Scripting at user email. Attacker action: This vulnerability enables an attacker to execute arbitrary client-side JavaScript within the context of another user's phpMyFAQ session. [sources: doc_01, doc_05]"
q3,"Which package has the improper HTML sanitization vulnerability, and what version fixes the 2.47.x branch?",answerable,no_context,1,"[{""source"": ""doc_02"", ""chunk_id"": ""doc_02_chunk_3"", ""score"": 0.6248}]","[""doc_02""]",1,0,0,0,0,1,0.0833,0,80.5333,Package: exact package name
q3,"Which package has the improper HTML sanitization vulnerability, and what version fixes the 2.47.x branch?",answerable,basic_context,1,"[{""source"": ""doc_02"", ""chunk_id"": ""doc_02_chunk_3"", ""score"": 0.6248}]","[""doc_02""]",1,0,0,1,1,1,0.3333,1251,226.2505,Package: github.com/zitadel/zitadel. Fixed version: 2.47.4. [sources: doc_02]
q3,"Which package has the improper HTML sanitization vulnerability, and what version fixes the 2.47.x branch?",answerable,engineered_context,1,"[{""source"": ""doc_02"", ""chunk_id"": ""doc_02_chunk_3"", ""score"": 0.6248}]","[""doc_02""]",1,0,0,1,1,1,0.3333,1288,228.3857,Package: github.com/zitadel/zitadel. Fixed version: 2.47.4. [sources: doc_02]
q3,"Which package has the improper HTML sanitization vulnerability, and what version fixes the 2.47.x branch?",answerable,no_context,2,"[{""source"": ""doc_02"", ""chunk_id"": ""doc_02_chunk_3"", ""score"": 0.6248}, {""source"": ""doc_02"", ""chunk_id"": ""doc_02_chunk_2"", ""score"": 0.6192}]","[""doc_02"", ""doc_02""]",1,0,0,0,0,1,0.0833,0,77.9029,Package: exact package name
q3,"Which package has the improper HTML sanitization vulnerability, and what version fixes the 2.47.x branch?",answerable,basic_context,2,"[{""source"": ""doc_02"", ""chunk_id"": ""doc_02_chunk_3"", ""score"": 0.6248}, {""source"": ""doc_02"", ""chunk_id"": ""doc_02_chunk_2"", ""score"": 0.6192}]","[""doc_02"", ""doc_02""]",1,0,0,1,1,1,0.3333,2516,1099.998,Package: github.com/zitadel/zitadel. Fixed version: 2.47.4. [sources: doc_02]
q3,"Which package has the improper HTML sanitization vulnerability, and what version fixes the 2.47.x branch?",answerable,engineered_context,2,"[{""source"": ""doc_02"", ""chunk_id"": ""doc_02_chunk_3"", ""score"": 0.6248}, {""source"": ""doc_02"", ""chunk_id"": ""doc_02_chunk_2"", ""score"": 0.6192}]","[""doc_02"", ""doc_02""]",1,0,0,1,1,1,0.3333,2590,1170.9527,Package: github.com/zitadel/zitadel. Fixed version: 2.47.4. [sources: doc_02]
q3,"Which package has the improper HTML sanitization vulnerability, and what version fixes the 2.47.x branch?",answerable,no_context,3,"[{""source"": ""doc_02"", ""chunk_id"": ""doc_02_chunk_3"", ""score"": 0.6248}, {""source"": ""doc_02"", ""chunk_id"": ""doc_02_chunk_2"", ""score"": 0.6192}, {""source"": ""doc_02"", ""chunk_id"": ""doc_02_chunk_4"", ""score"": 0.6185}]","[""doc_02"", ""doc_02"", ""doc_02""]",1,0,0,0,0,1,0.0833,0,78.2716,Package: exact package name
q3,"Which package has the improper HTML sanitization vulnerability, and what version fixes the 2.47.x branch?",answerable,basic_context,3,"[{""source"": ""doc_02"", ""chunk_id"": ""doc_02_chunk_3"", ""score"": 0.6248}, {""source"": ""doc_02"", ""chunk_id"": ""doc_02_chunk_2"", ""score"": 0.6192}, {""source"": ""doc_02"", ""chunk_id"": ""doc_02_chunk_4"", ""score"": 0.6185}]","[""doc_02"", ""doc_02"", ""doc_02""]",1,0,0,1,1,1,0.3333,3779,1240.3416,Package: github.com/zitadel/zitadel. Fixed version: 2.47.4. [sources: doc_02]
q3,"Which package has the improper HTML sanitization vulnerability, and what version fixes the 2.47.x branch?",answerable,engineered_context,3,"[{""source"": ""doc_02"", ""chunk_id"": ""doc_02_chunk_3"", ""score"": 0.6248}, {""source"": ""doc_02"", ""chunk_id"": ""doc_02_chunk_2"", ""score"": 0.6192}, {""source"": ""doc_02"", ""chunk_id"": ""doc_02_chunk_4"", ""score"": 0.6185}]","[""doc_02"", ""doc_02"", ""doc_02""]",1,0,0,1,1,1,0.3333,3890,1175.8616,Package: github.com/zitadel/zitadel. Fixed version: 2.47.4. [sources: doc_02]
q3,"Which package has the improper HTML sanitization vulnerability, and what version fixes the 2.47.x branch?",answerable,no_context,5,"[{""source"": ""doc_02"", ""chunk_id"": ""doc_02_chunk_3"", ""score"": 0.6248}, {""source"": ""doc_02"", ""chunk_id"": ""doc_02_chunk_2"", ""score"": 0.6192}, {""source"": ""doc_02"", ""chunk_id"": ""doc_02_chunk_4"", ""score"": 0.6185}, {""source"": ""doc_02"", ""chunk_id"": ""doc_02_chunk_1"", ""score"": 0.5982}, {""source"": ""doc_02"", ""chunk_id"": ""doc_02_chunk_0"", ""score"": 0.5834}]","[""doc_02"", ""doc_02"", ""doc_02"", ""doc_02"", ""doc_02""]",1,0,0,0,0,1,0.0833,0,88.8937,Package: exact package name
q3,"Which package has the improper HTML sanitization vulnerability, and what version fixes the 2.47.x branch?",answerable,basic_context,5,"[{""source"": ""doc_02"", ""chunk_id"": ""doc_02_chunk_3"", ""score"": 0.6248}, {""source"": ""doc_02"", ""chunk_id"": ""doc_02_chunk_2"", ""score"": 0.6192}, {""source"": ""doc_02"", ""chunk_id"": ""doc_02_chunk_4"", ""score"": 0.6185}, {""source"": ""doc_02"", ""chunk_id"": ""doc_02_chunk_1"", ""score"": 0.5982}, {""source"": ""doc_02"", ""chunk_id"": ""doc_02_chunk_0"", ""score"": 0.5834}]","[""doc_02"", ""doc_02"", ""doc_02"", ""doc_02"", ""doc_02""]",1,0,0,1,1,1,0.3333,6583,1233.5176,Package: github.com/zitadel/zitadel. Fixed version: 2.47.4. [sources: doc_02]
q3,"Which package has the improper HTML sanitization vulnerability, and what version fixes the 2.47.x branch?",answerable,engineered_context,5,"[{""source"": ""doc_02"", ""chunk_id"": ""doc_02_chunk_3"", ""score"": 0.6248}, {""source"": ""doc_02"", ""chunk_id"": ""doc_02_chunk_2"", ""score"": 0.6192}, {""source"": ""doc_02"", ""chunk_id"": ""doc_02_chunk_4"", ""score"": 0.6185}, {""source"": ""doc_02"", ""chunk_id"": ""doc_02_chunk_1"", ""score"": 0.5982}, {""source"": ""doc_02"", ""chunk_id"": ""doc_02_chunk_0"", ""score"": 0.5834}]","[""doc_02"", ""doc_02"", ""doc_02"", ""doc_02"", ""doc_02""]",1,0,0,1,1,1,0.3333,6768,1138.5003,Package: github.com/zitadel/zitadel. Fixed version: 2.47.4. [sources: doc_02]
q4,"Which package is affected, and what version fixes the vulnerability?",ambiguous,no_context,1,"[{""source"": ""doc_05"", ""chunk_id"": ""doc_05_chunk_3"", ""score"": 0.465}]","[""doc_05""]",0,1,1,1,1,1,0.1,0,84.9311,REFUSAL: The supplied documents do not support a safe answer to this question.
q4,"Which package is affected, and what version fixes the vulnerability?",ambiguous,basic_context,1,"[{""source"": ""doc_05"", ""chunk_id"": ""doc_05_chunk_3"", ""score"": 0.465}]","[""doc_05""]",0,1,1,1,1,1,0.1,348,102.4557,REFUSAL: The supplied documents do not support a safe answer to this question.
q4,"Which package is affected, and what version fixes the vulnerability?",ambiguous,engineered_context,1,"[{""source"": ""doc_05"", ""chunk_id"": ""doc_05_chunk_3"", ""score"": 0.465}]","[""doc_05""]",0,1,1,1,1,1,0.1,385,292.6583,REFUSAL: The supplied documents do not support a safe answer to this question.
q4,"Which package is affected, and what version fixes the vulnerability?",ambiguous,no_context,2,"[{""source"": ""doc_05"", ""chunk_id"": ""doc_05_chunk_3"", ""score"": 0.465}, {""source"": ""doc_02"", ""chunk_id"": ""doc_02_chunk_3"", ""score"": 0.4571}]","[""doc_05"", ""doc_02""]",0,1,1,1,1,1,0.1,0,84.4969,REFUSAL: The supplied documents do not support a safe answer to this question.
q4,"Which package is affected, and what version fixes the vulnerability?",ambiguous,basic_context,2,"[{""source"": ""doc_05"", ""chunk_id"": ""doc_05_chunk_3"", ""score"": 0.465}, {""source"": ""doc_02"", ""chunk_id"": ""doc_02_chunk_3"", ""score"": 0.4571}]","[""doc_05"", ""doc_02""]",0,1,1,1,1,1,0.1,1601,983.4952,REFUSAL: The supplied documents do not support a safe answer to this question.
q4,"Which package is affected, and what version fixes the vulnerability?",ambiguous,engineered_context,2,"[{""source"": ""doc_05"", ""chunk_id"": ""doc_05_chunk_3"", ""score"": 0.465}, {""source"": ""doc_02"", ""chunk_id"": ""doc_02_chunk_3"", ""score"": 0.4571}]","[""doc_05"", ""doc_02""]",0,1,1,1,1,1,0.1,1675,300.431,REFUSAL: The supplied documents do not support a safe answer to this question.
q4,"Which package is affected, and what version fixes the vulnerability?",ambiguous,no_context,3,"[{""source"": ""doc_05"", ""chunk_id"": ""doc_05_chunk_3"", ""score"": 0.465}, {""source"": ""doc_02"", ""chunk_id"": ""doc_02_chunk_3"", ""score"": 0.4571}, {""source"": ""doc_02"", ""chunk_id"": ""doc_02_chunk_2"", ""score"": 0.4451}]","[""doc_05"", ""doc_02"", ""doc_02""]",0,1,1,1,1,1,0.1,0,78.4419,REFUSAL: The supplied documents do not support a safe answer to this question.
q4,"Which package is affected, and what version fixes the vulnerability?",ambiguous,basic_context,3,"[{""source"": ""doc_05"", ""chunk_id"": ""doc_05_chunk_3"", ""score"": 0.465}, {""source"": ""doc_02"", ""chunk_id"": ""doc_02_chunk_3"", ""score"": 0.4571}, {""source"": ""doc_02"", ""chunk_id"": ""doc_02_chunk_2"", ""score"": 0.4451}]","[""doc_05"", ""doc_02"", ""doc_02""]",0,1,1,1,1,1,0.1,2866,1138.438,REFUSAL: The supplied documents do not support a safe answer to this question.
q4,"Which package is affected, and what version fixes the vulnerability?",ambiguous,engineered_context,3,"[{""source"": ""doc_05"", ""chunk_id"": ""doc_05_chunk_3"", ""score"": 0.465}, {""source"": ""doc_02"", ""chunk_id"": ""doc_02_chunk_3"", ""score"": 0.4571}, {""source"": ""doc_02"", ""chunk_id"": ""doc_02_chunk_2"", ""score"": 0.4451}]","[""doc_05"", ""doc_02"", ""doc_02""]",0,1,1,1,1,1,0.1,2977,1151.5179,REFUSAL: The supplied documents do not support a safe answer to this question.
q4,"Which package is affected, and what version fixes the vulnerability?",ambiguous,no_context,5,"[{""source"": ""doc_05"", ""chunk_id"": ""doc_05_chunk_3"", ""score"": 0.465}, {""source"": ""doc_02"", ""chunk_id"": ""doc_02_chunk_3"", ""score"": 0.4571}, {""source"": ""doc_02"", ""chunk_id"": ""doc_02_chunk_2"", ""score"": 0.4451}, {""source"": ""doc_05"", ""chunk_id"": ""doc_05_chunk_2"", ""score"": 0.4413}, {""source"": ""doc_05"", ""chunk_id"": ""doc_05_chunk_1"", ""score"": 0.4384}]","[""doc_05"", ""doc_02"", ""doc_02"", ""doc_05"", ""doc_05""]",0,1,1,1,1,1,0.1,0,77.7732,REFUSAL: The supplied documents do not support a safe answer to this question.
q4,"Which package is affected, and what version fixes the vulnerability?",ambiguous,basic_context,5,"[{""source"": ""doc_05"", ""chunk_id"": ""doc_05_chunk_3"", ""score"": 0.465}, {""source"": ""doc_02"", ""chunk_id"": ""doc_02_chunk_3"", ""score"": 0.4571}, {""source"": ""doc_02"", ""chunk_id"": ""doc_02_chunk_2"", ""score"": 0.4451}, {""source"": ""doc_05"", ""chunk_id"": ""doc_05_chunk_2"", ""score"": 0.4413}, {""source"": ""doc_05"", ""chunk_id"": ""doc_05_chunk_1"", ""score"": 0.4384}]","[""doc_05"", ""doc_02"", ""doc_02"", ""doc_05"", ""doc_05""]",0,1,1,1,1,1,0.1,5483,1161.9928,REFUSAL: The supplied documents do not support a safe answer to this question.
q4,"Which package is affected, and what version fixes the vulnerability?",ambiguous,engineered_context,5,"[{""source"": ""doc_05"", ""chunk_id"": ""doc_05_chunk_3"", ""score"": 0.465}, {""source"": ""doc_02"", ""chunk_id"": ""doc_02_chunk_3"", ""score"": 0.4571}, {""source"": ""doc_02"", ""chunk_id"": ""doc_02_chunk_2"", ""score"": 0.4451}, {""source"": ""doc_05"", ""chunk_id"": ""doc_05_chunk_2"", ""score"": 0.4413}, {""source"": ""doc_05"", ""chunk_id"": ""doc_05_chunk_1"", ""score"": 0.4384}]","[""doc_05"", ""doc_02"", ""doc_02"", ""doc_05"", ""doc_05""]",0,1,1,1,1,1,0.1,5668,1127.9527,REFUSAL: The supplied documents do not support a safe answer to this question.
q5,Which version of React fixes the vulnerability in React Server Components?,unanswerable,no_context,1,"[{""source"": ""doc_02"", ""chunk_id"": ""doc_02_chunk_3"", ""score"": 0.3805}]","[""doc_02""]",0,1,1,1,1,1,0.2857,0,57.5008,REFUSAL: The supplied documents do not support a safe answer to this question.
q5,Which version of React fixes the vulnerability in React Server Components?,unanswerable,basic_context,1,"[{""source"": ""doc_02"", ""chunk_id"": ""doc_02_chunk_3"", ""score"": 0.3805}]","[""doc_02""]",0,1,1,1,1,1,0.2857,1251,224.3127,REFUSAL: The supplied documents do not support a safe answer to this question.
q5,Which version of React fixes the vulnerability in React Server Components?,unanswerable,engineered_context,1,"[{""source"": ""doc_02"", ""chunk_id"": ""doc_02_chunk_3"", ""score"": 0.3805}]","[""doc_02""]",0,1,1,1,1,1,0.2857,1288,228.9395,REFUSAL: The supplied documents do not support a safe answer to this question.
q5,Which version of React fixes the vulnerability in React Server Components?,unanswerable,no_context,2,"[{""source"": ""doc_02"", ""chunk_id"": ""doc_02_chunk_3"", ""score"": 0.3805}, {""source"": ""doc_02"", ""chunk_id"": ""doc_02_chunk_2"", ""score"": 0.3762}]","[""doc_02"", ""doc_02""]",0,1,1,1,1,1,0.2857,0,54.3692,REFUSAL: The supplied documents do not support a safe answer to this question.
q5,Which version of React fixes the vulnerability in React Server Components?,unanswerable,basic_context,2,"[{""source"": ""doc_02"", ""chunk_id"": ""doc_02_chunk_3"", ""score"": 0.3805}, {""source"": ""doc_02"", ""chunk_id"": ""doc_02_chunk_2"", ""score"": 0.3762}]","[""doc_02"", ""doc_02""]",0,1,1,1,1,1,0.2857,2516,1107.2257,REFUSAL: The supplied documents do not support a safe answer to this question.
q5,Which version of React fixes the vulnerability in React Server Components?,unanswerable,engineered_context,2,"[{""source"": ""doc_02"", ""chunk_id"": ""doc_02_chunk_3"", ""score"": 0.3805}, {""source"": ""doc_02"", ""chunk_id"": ""doc_02_chunk_2"", ""score"": 0.3762}]","[""doc_02"", ""doc_02""]",0,1,1,1,1,1,0.2857,2590,1127.4661,REFUSAL: The supplied documents do not support a safe answer to this question.
q5,Which version of React fixes the vulnerability in React Server Components?,unanswerable,no_context,3,"[{""source"": ""doc_02"", ""chunk_id"": ""doc_02_chunk_3"", ""score"": 0.3805}, {""source"": ""doc_02"", ""chunk_id"": ""doc_02_chunk_2"", ""score"": 0.3762}, {""source"": ""doc_02"", ""chunk_id"": ""doc_02_chunk_4"", ""score"": 0.3564}]","[""doc_02"", ""doc_02"", ""doc_02""]",0,1,1,1,1,1,0.2857,0,54.8751,REFUSAL: The supplied documents do not support a safe answer to this question.
q5,Which version of React fixes the vulnerability in React Server Components?,unanswerable,basic_context,3,"[{""source"": ""doc_02"", ""chunk_id"": ""doc_02_chunk_3"", ""score"": 0.3805}, {""source"": ""doc_02"", ""chunk_id"": ""doc_02_chunk_2"", ""score"": 0.3762}, {""source"": ""doc_02"", ""chunk_id"": ""doc_02_chunk_4"", ""score"": 0.3564}]","[""doc_02"", ""doc_02"", ""doc_02""]",0,1,1,1,1,1,0.2857,3779,1131.4182,REFUSAL: The supplied documents do not support a safe answer to this question.
q5,Which version of React fixes the vulnerability in React Server Components?,unanswerable,engineered_context,3,"[{""source"": ""doc_02"", ""chunk_id"": ""doc_02_chunk_3"", ""score"": 0.3805}, {""source"": ""doc_02"", ""chunk_id"": ""doc_02_chunk_2"", ""score"": 0.3762}, {""source"": ""doc_02"", ""chunk_id"": ""doc_02_chunk_4"", ""score"": 0.3564}]","[""doc_02"", ""doc_02"", ""doc_02""]",0,1,1,1,1,1,0.2857,3890,1142.4032,REFUSAL: The supplied documents do not support a safe answer to this question.
q5,Which version of React fixes the vulnerability in React Server Components?,unanswerable,no_context,5,"[{""source"": ""doc_02"", ""chunk_id"": ""doc_02_chunk_3"", ""score"": 0.3805}, {""source"": ""doc_02"", ""chunk_id"": ""doc_02_chunk_2"", ""score"": 0.3762}, {""source"": ""doc_02"", ""chunk_id"": ""doc_02_chunk_4"", ""score"": 0.3564}, {""source"": ""doc_05"", ""chunk_id"": ""doc_05_chunk_3"", ""score"": 0.3558}, {""source"": ""doc_02"", ""chunk_id"": ""doc_02_chunk_1"", ""score"": 0.3465}]","[""doc_02"", ""doc_02"", ""doc_02"", ""doc_05"", ""doc_02""]",0,1,1,1,1,1,0.2857,0,58.4173,REFUSAL: The supplied documents do not support a safe answer to this question.
q5,Which version of React fixes the vulnerability in React Server Components?,unanswerable,basic_context,5,"[{""source"": ""doc_02"", ""chunk_id"": ""doc_02_chunk_3"", ""score"": 0.3805}, {""source"": ""doc_02"", ""chunk_id"": ""doc_02_chunk_2"", ""score"": 0.3762}, {""source"": ""doc_02"", ""chunk_id"": ""doc_02_chunk_4"", ""score"": 0.3564}, {""source"": ""doc_05"", ""chunk_id"": ""doc_05_chunk_3"", ""score"": 0.3558}, {""source"": ""doc_02"", ""chunk_id"": ""doc_02_chunk_1"", ""score"": 0.3465}]","[""doc_02"", ""doc_02"", ""doc_02"", ""doc_05"", ""doc_02""]",0,1,1,1,1,1,0.2857,5531,1259.7861,REFUSAL: The supplied documents do not support a safe answer to this question.
q5,Which version of React fixes the vulnerability in React Server Components?,unanswerable,engineered_context,5,"[{""source"": ""doc_02"", ""chunk_id"": ""doc_02_chunk_3"", ""score"": 0.3805}, {""source"": ""doc_02"", ""chunk_id"": ""doc_02_chunk_2"", ""score"": 0.3762}, {""source"": ""doc_02"", ""chunk_id"": ""doc_02_chunk_4"", ""score"": 0.3564}, {""source"": ""doc_05"", ""chunk_id"": ""doc_05_chunk_3"", ""score"": 0.3558}, {""source"": ""doc_02"", ""chunk_id"": ""doc_02_chunk_1"", ""score"": 0.3465}]","[""doc_02"", ""doc_02"", ""doc_02"", ""doc_05"", ""doc_02""]",0,1,1,1,1,1,0.2857,5716,1130.6551,REFUSAL: The supplied documents do not support a safe answer to this question.
q6,What is the capital of France?,unrelated,no_context,1,"[{""source"": ""doc_02"", ""chunk_id"": ""doc_02_chunk_0"", ""score"": 0.0379}]","[""doc_02""]",0,1,1,1,1,1,0.2857,0,56.011,REFUSAL: The supplied documents do not support a safe answer to this question.
q6,What is the capital of France?,unrelated,basic_context,1,"[{""source"": ""doc_02"", ""chunk_id"": ""doc_02_chunk_0"", ""score"": 0.0379}]","[""doc_02""]",0,1,1,1,1,1,0.2857,1400,300.5483,REFUSAL: The supplied documents do not support a safe answer to this question.
q6,What is the capital of France?,unrelated,engineered_context,1,"[{""source"": ""doc_02"", ""chunk_id"": ""doc_02_chunk_0"", ""score"": 0.0379}]","[""doc_02""]",0,1,1,1,1,1,0.2857,1437,305.8213,REFUSAL: The supplied documents do not support a safe answer to this question.
q6,What is the capital of France?,unrelated,no_context,2,"[{""source"": ""doc_02"", ""chunk_id"": ""doc_02_chunk_0"", ""score"": 0.0379}, {""source"": ""doc_02"", ""chunk_id"": ""doc_02_chunk_1"", ""score"": 0.0302}]","[""doc_02"", ""doc_02""]",0,1,1,1,1,1,0.2857,0,52.9107,REFUSAL: The supplied documents do not support a safe answer to this question.
q6,What is the capital of France?,unrelated,basic_context,2,"[{""source"": ""doc_02"", ""chunk_id"": ""doc_02_chunk_0"", ""score"": 0.0379}, {""source"": ""doc_02"", ""chunk_id"": ""doc_02_chunk_1"", ""score"": 0.0302}]","[""doc_02"", ""doc_02""]",0,1,1,1,1,1,0.2857,2802,464.541,REFUSAL: The supplied documents do not support a safe answer to this question.
q6,What is the capital of France?,unrelated,engineered_context,2,"[{""source"": ""doc_02"", ""chunk_id"": ""doc_02_chunk_0"", ""score"": 0.0379}, {""source"": ""doc_02"", ""chunk_id"": ""doc_02_chunk_1"", ""score"": 0.0302}]","[""doc_02"", ""doc_02""]",0,1,1,1,1,1,0.2857,2876,478.2496,REFUSAL: The supplied documents do not support a safe answer to this question.
q6,What is the capital of France?,unrelated,no_context,3,"[{""source"": ""doc_02"", ""chunk_id"": ""doc_02_chunk_0"", ""score"": 0.0379}, {""source"": ""doc_02"", ""chunk_id"": ""doc_02_chunk_1"", ""score"": 0.0302}, {""source"": ""doc_02"", ""chunk_id"": ""doc_02_chunk_5"", ""score"": 0.0293}]","[""doc_02"", ""doc_02"", ""doc_02""]",0,1,1,1,1,1,0.2857,0,52.7104,REFUSAL: The supplied documents do not support a safe answer to this question.
q6,What is the capital of France?,unrelated,basic_context,3,"[{""source"": ""doc_02"", ""chunk_id"": ""doc_02_chunk_0"", ""score"": 0.0379}, {""source"": ""doc_02"", ""chunk_id"": ""doc_02_chunk_1"", ""score"": 0.0302}, {""source"": ""doc_02"", ""chunk_id"": ""doc_02_chunk_5"", ""score"": 0.0293}]","[""doc_02"", ""doc_02"", ""doc_02""]",0,1,1,1,1,1,0.2857,4035,459.8015,REFUSAL: The supplied documents do not support a safe answer to this question.
q6,What is the capital of France?,unrelated,engineered_context,3,"[{""source"": ""doc_02"", ""chunk_id"": ""doc_02_chunk_0"", ""score"": 0.0379}, {""source"": ""doc_02"", ""chunk_id"": ""doc_02_chunk_1"", ""score"": 0.0302}, {""source"": ""doc_02"", ""chunk_id"": ""doc_02_chunk_5"", ""score"": 0.0293}]","[""doc_02"", ""doc_02"", ""doc_02""]",0,1,1,1,1,1,0.2857,4146,478.4792,REFUSAL: The supplied documents do not support a safe answer to this question.
q6,What is the capital of France?,unrelated,no_context,5,"[{""source"": ""doc_02"", ""chunk_id"": ""doc_02_chunk_0"", ""score"": 0.0379}, {""source"": ""doc_02"", ""chunk_id"": ""doc_02_chunk_1"", ""score"": 0.0302}, {""source"": ""doc_02"", ""chunk_id"": ""doc_02_chunk_5"", ""score"": 0.0293}, {""source"": ""doc_02"", ""chunk_id"": ""doc_02_chunk_4"", ""score"": 0.0273}, {""source"": ""doc_02"", ""chunk_id"": ""doc_02_chunk_7"", ""score"": 0.0201}]","[""doc_02"", ""doc_02"", ""doc_02"", ""doc_02"", ""doc_02""]",0,1,1,1,1,1,0.2857,0,52.6608,REFUSAL: The supplied documents do not support a safe answer to this question.
q6,What is the capital of France?,unrelated,basic_context,5,"[{""source"": ""doc_02"", ""chunk_id"": ""doc_02_chunk_0"", ""score"": 0.0379}, {""source"": ""doc_02"", ""chunk_id"": ""doc_02_chunk_1"", ""score"": 0.0302}, {""source"": ""doc_02"", ""chunk_id"": ""doc_02_chunk_5"", ""score"": 0.0293}, {""source"": ""doc_02"", ""chunk_id"": ""doc_02_chunk_4"", ""score"": 0.0273}, {""source"": ""doc_02"", ""chunk_id"": ""doc_02_chunk_7"", ""score"": 0.0201}]","[""doc_02"", ""doc_02"", ""doc_02"", ""doc_02"", ""doc_02""]",0,1,1,1,1,1,0.2857,6546,469.3218,REFUSAL: The supplied documents do not support a safe answer to this question.
q6,What is the capital of France?,unrelated,engineered_context,5,"[{""source"": ""doc_02"", ""chunk_id"": ""doc_02_chunk_0"", ""score"": 0.0379}, {""source"": ""doc_02"", ""chunk_id"": ""doc_02_chunk_1"", ""score"": 0.0302}, {""source"": ""doc_02"", ""chunk_id"": ""doc_02_chunk_5"", ""score"": 0.0293}, {""source"": ""doc_02"", ""chunk_id"": ""doc_02_chunk_4"", ""score"": 0.0273}, {""source"": ""doc_02"", ""chunk_id"": ""doc_02_chunk_7"", ""score"": 0.0201}]","[""doc_02"", ""doc_02"", ""doc_02"", ""doc_02"", ""doc_02""]",0,1,1,1,1,1,0.2857,6731,479.256,REFUSAL: The supplied documents do not support a safe answer to this question.
