rate,call,status,attempts,injected_failures,latency_ms,result,error
0.0,1,success,1,0,0.0021,ok,
0.0,2,success,1,0,0.0013,ok,
0.0,3,success,1,0,0.0008,ok,
0.0,4,success,1,0,0.0005,ok,
0.0,5,success,1,0,0.0005,ok,
0.0,6,success,1,0,0.0005,ok,
0.0,7,success,1,0,0.0004,ok,
0.0,8,success,1,0,0.0004,ok,
0.0,9,success,1,0,0.0004,ok,
0.0,10,success,1,0,0.0004,ok,
0.0,11,success,1,0,0.0004,ok,
0.0,12,success,1,0,0.0005,ok,
0.0,13,success,1,0,0.0004,ok,
0.0,14,success,1,0,0.0005,ok,
0.0,15,success,1,0,0.0004,ok,
0.0,16,success,1,0,0.0004,ok,
0.0,17,success,1,0,0.0004,ok,
0.0,18,success,1,0,0.0004,ok,
0.0,19,success,1,0,0.0004,ok,
0.0,20,success,1,0,0.0005,ok,
0.0,21,success,1,0,0.0005,ok,
0.0,22,success,1,0,0.0004,ok,
0.0,23,success,1,0,0.0004,ok,
0.0,24,success,1,0,0.0005,ok,
0.0,25,success,1,0,0.0004,ok,
0.0,26,success,1,0,0.0005,ok,
0.0,27,success,1,0,0.0005,ok,
0.0,28,success,1,0,0.0004,ok,
0.0,29,success,1,0,0.0005,ok,
0.0,30,success,1,0,0.0005,ok,
0.0,31,success,1,0,0.0004,ok,
0.0,32,success,1,0,0.0004,ok,
0.0,33,success,1,0,0.0004,ok,
0.0,34,success,1,0,0.0005,ok,
0.0,35,success,1,0,0.0004,ok,
0.0,36,success,1,0,0.0004,ok,
0.0,37,success,1,0,0.0005,ok,
0.0,38,success,1,0,0.0004,ok,
0.0,39,success,1,0,0.0004,ok,
0.0,40,success,1,0,0.0004,ok,
0.0,41,success,1,0,0.0005,ok,
0.0,42,success,1,0,0.0004,ok,
0.0,43,success,1,0,0.0005,ok,
0.0,44,success,1,0,0.0004,ok,
0.0,45,success,1,0,0.0004,ok,
0.0,46,success,1,0,0.0005,ok,
0.0,47,success,1,0,0.0004,ok,
0.0,48,success,1,0,0.0004,ok,
0.0,49,success,1,0,0.0005,ok,
0.0,50,success,1,0,0.0004,ok,
0.2,1,success,1,0,0.0004,ok,
0.2,2,success,1,0,0.0004,ok,
0.2,3,success,1,0,0.0004,ok,
0.2,4,success,1,0,0.0004,ok,
0.2,5,success,1,0,0.0004,ok,
0.2,6,success,1,0,0.0005,ok,
0.2,7,success,2,1,10.1297,ok,
0.2,8,success,2,1,11.577,ok,
0.2,9,success,2,1,12.5485,ok,
0.2,10,success,2,1,12.5247,ok,
0.2,11,success,3,2,37.5661,ok,
0.2,12,success,1,0,0.0035,ok,
0.2,13,success,1,0,0.0025,ok,
0.2,14,success,1,0,0.0007,ok,
0.2,15,success,1,0,0.0006,ok,
0.2,16,success,1,0,0.0006,ok,
0.2,17,success,1,0,0.0006,ok,
0.2,18,success,1,0,0.0006,ok,
0.2,19,success,1,0,0.0005,ok,
0.2,20,success,1,0,0.0005,ok,
0.2,21,success,1,0,0.0006,ok,
0.2,22,success,1,0,0.0005,ok,
0.2,23,success,1,0,0.0005,ok,
0.2,24,success,1,0,0.0005,ok,
0.2,25,success,1,0,0.0005,ok,
0.2,26,success,1,0,0.0005,ok,
0.2,27,success,1,0,0.0005,ok,
0.2,28,success,1,0,0.0006,ok,
0.2,29,success,1,0,0.0006,ok,
0.2,30,success,1,0,0.0006,ok,
0.2,31,success,1,0,0.0005,ok,
0.2,32,success,1,0,0.0005,ok,
0.2,33,success,1,0,0.0005,ok,
0.2,34,success,1,0,0.0005,ok,
0.2,35,success,1,0,0.0005,ok,
0.2,36,success,3,2,32.8608,ok,
0.2,37,success,1,0,0.0039,ok,
0.2,38,success,1,0,0.001,ok,
0.2,39,success,1,0,0.0008,ok,
0.2,40,success,3,2,34.1346,ok,
0.2,41,success,1,0,0.0042,ok,
0.2,42,success,1,0,0.0008,ok,
0.2,43,success,2,1,12.5278,ok,
0.2,44,success,1,0,0.0023,ok,
0.2,45,success,1,0,0.0008,ok,
0.2,46,success,1,0,0.0005,ok,
0.2,47,success,1,0,0.0005,ok,
0.2,48,success,1,0,0.0005,ok,
0.2,49,success,1,0,0.0006,ok,
0.2,50,success,1,0,0.0005,ok,
0.5,1,success,1,0,0.0005,ok,
0.5,2,success,1,0,0.0005,ok,
0.5,3,success,2,1,12.4196,ok,
0.5,4,success,1,0,0.0067,ok,
0.5,5,success,1,0,0.0107,ok,
0.5,6,success,3,2,37.6434,ok,
0.5,7,success,2,1,12.5298,ok,
0.5,8,success,2,1,11.2339,ok,
0.5,9,success,2,1,11.3369,ok,
0.5,10,failure,3,3,35.3762,,operation failed after 3 attempts: injected transient failure
0.5,11,success,3,2,33.2349,ok,
0.5,12,success,1,0,0.0038,ok,
0.5,13,success,1,0,0.0008,ok,
0.5,14,success,3,2,37.5354,ok,
0.5,15,success,1,0,0.0015,ok,
0.5,16,success,1,0,0.0007,ok,
0.5,17,success,1,0,0.0007,ok,
0.5,18,success,2,1,12.5087,ok,
0.5,19,success,2,1,12.5327,ok,
0.5,20,success,1,0,0.0036,ok,
0.5,21,success,2,1,12.5122,ok,
0.5,22,success,1,0,0.0014,ok,
0.5,23,success,1,0,0.0009,ok,
0.5,24,success,2,1,12.5325,ok,
0.5,25,success,1,0,0.0023,ok,
0.5,26,failure,3,3,37.1556,,operation failed after 3 attempts: injected transient failure
0.5,27,success,3,2,33.27,ok,
0.5,28,success,2,1,11.5815,ok,
0.5,29,success,1,0,0.0083,ok,
0.5,30,success,1,0,0.0015,ok,
0.5,31,success,1,0,0.001,ok,
0.5,32,success,2,1,12.5332,ok,
0.5,33,success,2,1,10.6912,ok,
0.5,34,failure,3,3,35.0815,,operation failed after 3 attempts: injected transient failure
0.5,35,success,1,0,0.0097,ok,
0.5,36,success,3,2,35.8021,ok,
0.5,37,success,1,0,0.0028,ok,
0.5,38,success,1,0,0.001,ok,
0.5,39,success,2,1,12.5233,ok,
0.5,40,success,3,2,34.3591,ok,
0.5,41,success,1,0,0.0073,ok,
0.5,42,success,1,0,0.001,ok,
0.5,43,failure,3,3,33.2606,,operation failed after 3 attempts: injected transient failure
0.5,44,success,1,0,0.003,ok,
0.5,45,success,1,0,0.0008,ok,
0.5,46,success,3,2,30.1878,ok,
0.5,47,success,1,0,0.004,ok,
0.5,48,success,2,1,10.6695,ok,
0.5,49,success,1,0,0.0033,ok,
0.5,50,success,1,0,0.0007,ok,
